id,name,gender,BirtDate,Division,Salary
28281,Aahan,Male,15.05.1970,I,4800
28282,Aala,Female,07.02.1983,J,2600
28283,Aaleahya,Female,06.11.1949,F,1000
28284,Aaleyah,Female,04.02.1944,G,1000
28285,Aalijah,Female,17.11.1951,H,2400
28286,Aaliyah,Female,10.11.1978,G,1500
28287,Aaliyah,Female,25.09.1987,C,1100
28288,Aamori,Female,07.12.1984,I,9000
28289,Aanjay,Female,05.03.1951,O,7200
28290,Aaralyn,Female,20.03.1993,J,9000
28291,Aaric,Male,27.02.1993,E,6400
28292,Aarika,Female,08.05.1940,B,4500
28293,Aaron,Male,01.03.1958,D,5200
28294,Aaron,Male,16.10.1940,G,2100
28295,Aarshiya,Female,05.08.1973,G,7200
28296,Aart,Male,14.04.1992,F,3900
28297,Aart,Male,22.02.1950,K,2600
28298,Aarthi,Female,24.09.1961,A,4300
28299,Aarush,Male,30.01.1964,H,7800
28300,Aarushi,Female,27.06.1932,A,1800
28301,Aase,Female,12.12.1941,I,8500
28302,Aashish,Male,24.02.1984,M,7500
28303,Aashka,Female,14.11.1937,M,7200
28304,Aasiya,Female,06.10.1990,F,9700
28305,Aaylah,Female,29.08.1941,B,7200
28306,Abagail,Female,21.10.1958,F,8100
28307,Abaigael,Female,07.06.1967,I,4400
28308,Abaigeal,Female,28.07.1938,A,5200
28309,Aballach,Male,09.04.1950,O,5400
28310,Aballach,Male,23.03.1993,K,7000
28311,Aban,Male,06.12.1949,B,5400
28312,Abantiades,Male,05.09.1992,E,4200
28313,Abarrane,Female,14.06.1934,F,9200
28314,Abarrane,Female,11.07.1954,C,6400
28315,Abarrane,Female,24.12.1973,I,5800
28316,Abarron,Male,13.04.1952,B,6200
28317,Abasi,Male,24.06.1942,M,7600
28318,Abasi,Male,26.07.1952,K,9200
28319,Abayomi,Male,29.01.1936,K,2100
28320,Abayomi,Male,04.12.1974,G,5000
28321,Abba,Male,29.07.1982,G,9200
28322,Abba,Female,29.11.1985,G,2000
28323,Abban,Male,27.07.1953,G,1200
28324,Abban,Male,17.04.1938,N,7700
28325,Abbas,Male,22.04.1949,A,7800
28326,Abbey,Female,29.10.1931,E,3700
28327,Abbie,Female,25.03.1976,L,2000
28328,Abbigale,Female,10.02.1976,E,6800
28329,Abboid,Male,06.07.1986,C,4000
28330,Abbot,Male,15.01.1975,B,6900
28331,Abbot,Male,29.10.1955,B,9400
28332,Abbotson,Male,26.10.1949,O,7300
28333,Abbott,Male,08.09.1948,B,6500
28334,Abbott,Male,30.07.1986,J,1700
28335,Abbud,Male,22.09.1967,A,9500
28336,Abbudin,Male,04.07.1984,G,9100
28337,Abby,Female,09.09.1973,F,9300
28338,Abd Al Alim,Male,02.11.1933,H,3000
28339,Abd Al Bari,Male,13.09.1984,B,3300
28340,Abd Al Hakim,Male,05.10.1936,I,5700
28341,Abd Al Jabbar,Male,04.02.1981,O,8700
28342,Abd Al Matin,Male,13.03.1955,C,7600
28343,Abd Al Qadir,Male,31.07.1955,K,9100
28344,Abd Al Rashid,Male,22.03.1967,C,9300
28345,Abd Al Sami,Male,01.07.1993,G,1000
28346,Abd Er Rahman,Male,25.08.1977,F,9700
28347,Abda,Male,18.03.1980,C,2900
28348,Abdalla,Male,10.04.1983,O,7500
28349,Abdalrahman,Male,15.06.1938,H,4500
28350,Abdel,Male,28.01.1960,O,5900
28351,Abdelahi,Male,01.03.1951,L,7800
28352,Abdera,Female,07.09.1946,E,6700
28353,Abderus,Male,20.05.1982,M,3800
28354,Abdi,Male,19.09.1966,E,5000
28355,Abdikarim,Male,07.09.1949,O,2900
28356,Abdimelech,Male,12.01.1976,L,2600
28357,Abdiraxman,Male,13.03.1971,L,1500
28358,Abdul,Male,05.06.1945,I,5100
28359,Abdul- Matin,Male,11.12.1979,C,2800
28360,Abdul- Qadir,Male,14.08.1984,L,5100
28361,Abdul- Rashid,Male,09.05.1933,A,1800